{"schemaVersion":"1.0","appDefinitionTemplate":{"id":"/providers/Microsoft.PowerApps/apps/","type":"Microsoft.PowerApps/apps","tags":{"primaryDeviceWidth":"1366","primaryDeviceHeight":"768","sienaVersion":"20210402T183745Z-3.21031.49.0","deviceCapabilities":"","supportsPortrait":"false","supportsLandscape":"true","primaryFormFactor":"Tablet","publisherVersion":"3.21031.49","minimumRequiredApiVersion":"2.2.0","hasComponent":"false","hasUnlockedComponent":"false","isUnifiedRootApp":"false"},"properties":{"appVersion":"2021-04-02T18:37:45Z","lifeCycleId":"Published","createdByClientVersion":{"major":3,"minor":21031,"build":49,"revision":0,"majorRevision":0,"minorRevision":0},"minClientVersion":{"major":3,"minor":21031,"build":49,"revision":0,"majorRevision":0,"minorRevision":0},"backgroundColor":"rgba(0, 176, 240, 1)","backgroundImageUri":"/7731433486457933451/Nb91207ac-9127-4514-a4df-437d3040dc1a-logoSmallFile","displayName":"MNP Contacts Apps","description":"","commitMessage":"","appUris":{"documentUri":{"value":"/7731433486457933451/N56187835-521e-42e7-9f05-6e7f014e0465-document.msapp"},"imageUris":[]},"createdTime":"0001-01-01T00:00:00Z","lastModifiedTime":"0001-01-01T00:00:00Z","sharedGroupsCount":0,"sharedUsersCount":0,"icons":{"smallIconUri":"/7731433486457933451/Nfb2f810c-1a8b-41c6-ab0b-97d3ffcb0462-small.png","mediumIconUri":"/7731433486457933451/Ne9cb2833-56cf-4b18-9cf0-ad371da3789b-medium.png","largeIconUri":"/7731433486457933451/Nb5ba3c3a-2d6a-4175-8f23-bd8dc00efa22-large.png","wideIconUri":"/7731433486457933451/N23e63997-4689-4d2d-9bdb-54bba5c911e0-wide.png"},"connectionReferences":{},"databaseReferences":{"default.cds":{"databaseDetails":{"referenceType":"NotSpecified","environmentName":"default.cds"},"dataSources":{"MasterLists":{"entitySetName":"cr474_masterlists","logicalName":"cr474_masterlist"}}}},"almMode":"Environment","performanceOptimizationEnabled":true,"canConsumeAppPass":true,"executionRestrictions":{"isTeamsOnly":false,"dataLossPreventionEvaluationResult":{"status":"Compliant","lastEvaluationDate":"2021-04-02T18:37:55.409536Z","violationDetails":[]}}},"isAppComponentLibrary":false,"appType":"ClassicCanvasApp","appComponents":[]}}