{"schemaVersion":"1.0","appDefinitionTemplate":{"id":"/providers/Microsoft.PowerApps/apps/","type":"Microsoft.PowerApps/apps","tags":{"primaryDeviceWidth":"1366","primaryDeviceHeight":"768","sienaVersion":"20210402T204412Z-3.21031.49.0","deviceCapabilities":"","supportsPortrait":"false","supportsLandscape":"true","primaryFormFactor":"Tablet","publisherVersion":"3.21031.49","minimumRequiredApiVersion":"2.2.0","hasComponent":"false","hasUnlockedComponent":"false","isUnifiedRootApp":"false"},"properties":{"appVersion":"2021-04-02T20:44:12Z","lifeCycleId":"Published","createdByClientVersion":{"major":3,"minor":21031,"build":49,"revision":0,"majorRevision":0,"minorRevision":0},"minClientVersion":{"major":3,"minor":21031,"build":49,"revision":0,"majorRevision":0,"minorRevision":0},"backgroundColor":"rgba(0, 176, 240, 1)","backgroundImageUri":"/7127822598668244487/Ne9d18bac-3aba-487d-861e-ee00e6240f37-logoSmallFile","displayName":"MNP ContactMgmtApp","description":"","commitMessage":"","appUris":{"documentUri":{"value":"/7127822598668244487/Nbdb762ea-95c7-4c14-93db-23cd366cf14d-document.msapp"},"imageUris":[]},"createdTime":"0001-01-01T00:00:00Z","lastModifiedTime":"0001-01-01T00:00:00Z","sharedGroupsCount":0,"sharedUsersCount":0,"icons":{"smallIconUri":"/7127822598668244487/N0df88de0-ec46-4f64-88c2-95b3c2a23c42-small.png","mediumIconUri":"/7127822598668244487/Nd7efd681-69b2-4744-9577-75e308ca62c7-medium.png","largeIconUri":"/7127822598668244487/N1fa91617-2dfa-489f-955a-18affe7d3ddd-large.png","wideIconUri":"/7127822598668244487/N1fa78d30-a4ae-45e8-937e-52fb1ddf2b01-wide.png"},"connectionReferences":{},"databaseReferences":{"default.cds":{"databaseDetails":{"referenceType":"NotSpecified","environmentName":"default.cds"},"dataSources":{"MasterLists":{"entitySetName":"cr474_masterlists","logicalName":"cr474_masterlist"}}}},"almMode":"Environment","performanceOptimizationEnabled":true,"canConsumeAppPass":true,"executionRestrictions":{"isTeamsOnly":false,"dataLossPreventionEvaluationResult":{"status":"Compliant","lastEvaluationDate":"2021-04-02T20:44:22.7990227Z","violationDetails":[]}}},"isAppComponentLibrary":false,"appType":"ClassicCanvasApp","appComponents":[]}}