{"schemaVersion":"1.0","appDefinitionTemplate":{"id":"/providers/Microsoft.PowerApps/apps/","type":"Microsoft.PowerApps/apps","tags":{"primaryDeviceWidth":"1366","primaryDeviceHeight":"768","sienaVersion":"20210402T180554Z-3.21031.49.0","deviceCapabilities":"","supportsPortrait":"false","supportsLandscape":"true","primaryFormFactor":"Tablet","publisherVersion":"3.21031.49","minimumRequiredApiVersion":"2.2.0","hasComponent":"false","hasUnlockedComponent":"false","isUnifiedRootApp":"false"},"properties":{"appVersion":"2021-04-02T18:05:54Z","lifeCycleId":"Published","createdByClientVersion":{"major":3,"minor":21031,"build":49,"revision":0,"majorRevision":0,"minorRevision":0},"minClientVersion":{"major":3,"minor":21031,"build":49,"revision":0,"majorRevision":0,"minorRevision":0},"backgroundColor":"rgba(0, 176, 240, 1)","backgroundImageUri":"/12785270053762025359/N64971669-974e-4109-bc86-c173aa961e53-logoSmallFile","displayName":"MNP Contacts","description":"","commitMessage":"","appUris":{"documentUri":{"value":"/12785270053762025359/Nebaca4ec-d314-4eb1-b1f5-870672afceea-document.msapp"},"imageUris":[]},"createdTime":"0001-01-01T00:00:00Z","lastModifiedTime":"0001-01-01T00:00:00Z","sharedGroupsCount":0,"sharedUsersCount":0,"icons":{"smallIconUri":"/12785270053762025359/N2c5a5870-85b2-40c7-9358-da2b0f9853e1-small.png","mediumIconUri":"/12785270053762025359/Nb4b31f48-83a2-42da-9239-820232773e61-medium.png","largeIconUri":"/12785270053762025359/N2a3661a1-3336-478b-bc9f-7772c3027910-large.png","wideIconUri":"/12785270053762025359/Nadfe01fa-4b47-40fc-81d3-a78914293d1b-wide.png"},"connectionReferences":{},"databaseReferences":{"default.cds":{"databaseDetails":{"referenceType":"NotSpecified","environmentName":"default.cds"},"dataSources":{"MasterLists":{"entitySetName":"cr474_masterlists","logicalName":"cr474_masterlist"}}}},"almMode":"Environment","performanceOptimizationEnabled":true,"canConsumeAppPass":true,"executionRestrictions":{"isTeamsOnly":false,"dataLossPreventionEvaluationResult":{"status":"Compliant","lastEvaluationDate":"2021-04-02T18:06:04.5711081Z","violationDetails":[]}}},"isAppComponentLibrary":false,"appType":"ClassicCanvasApp","appComponents":[]}}